date,day,hijriDate,fajr,fajrIqamah,sunrise,dhuhr,dhuhrIqamah,asr,asrIqamah,maghrib,maghribIqamah,isha,ishaIqamah,maghribIqamah
01/04/2026,1,13 Shawwāl 1447,5:09,5:35,6:39,13:16,13:30,16:45,17:45,19:44,19:46,21:04,21:20,
02/04/2026,2,14 Shawwāl 1447,5:06,5:35,6:37,13:16,13:30,16:46,17:45,19:46,19:48,21:06,21:20,
03/04/2026,3,15 Shawwāl 1447,5:03,5:35,6:34,13:16,13:30,16:47,17:45,19:48,19:50,21:08,21:20,
04/04/2026,4,16 Shawwāl 1447,5:00,5:35,6:32,13:15,13:30,16:48,17:45,19:49,19:51,21:09,21:20,
05/04/2026,5,17 Shawwāl 1447,4:57,5:35,6:30,13:15,13:30,16:49,17:45,19:51,19:53,21:11,21:20,
06/04/2026,6,18 Shawwāl 1447,4:55,5:20,6:27,13:15,13:30,16:50,18:30,19:53,19:55,21:13,21:30,
07/04/2026,7,19 Shawwāl 1447,4:52,5:20,6:25,13:14,13:30,16:51,18:30,19:55,19:57,21:15,21:30,
08/04/2026,8,20 Shawwāl 1447,4:49,5:20,6:23,13:14,13:30,16:52,18:30,19:56,19:58,21:16,21:30,
09/04/2026,9,21 Shawwāl 1447,4:46,5:20,6:20,13:14,13:30,16:52,18:30,19:58,20:00,21:18,21:30,
10/04/2026,10,22 Shawwāl 1447,4:44,5:20,6:18,13:14,13:30,16:53,18:30,20:00,20:02,21:20,21:30,
11/04/2026,11,23 Shawwāl 1447,4:41,5:20,6:16,13:14,13:30,16:54,18:30,20:01,20:03,21:21,21:30,
12/04/2026,12,24 Shawwāl 1447,4:38,5:20,6:14,13:14,13:30,16:55,18:30,20:03,20:05,21:23,21:30,
13/04/2026,13,25 Shawwāl 1447,4:36,4:45,6:11,13:13,13:30,16:56,19:00,20:05,20:07,21:25,21:40,
14/04/2026,14,26 Shawwāl 1447,4:33,4:45,6:09,13:13,13:30,16:57,19:00,20:07,20:09,21:27,21:40,
15/04/2026,15,27 Shawwāl 1447,4:30,4:45,6:07,13:13,13:30,16:58,19:00,20:08,20:10,21:28,21:40,
16/04/2026,16,28 Shawwāl 1447,4:27,4:45,6:05,13:12,13:30,16:58,19:00,20:10,20:12,21:30,21:40,
17/04/2026,17,29 Shawwāl 1447,4:25,4:45,6:02,13:12,13:30,16:59,19:00,20:12,20:14,21:32,21:40,
18/04/2026,18,1 Dhū al-Qaʿdah 1447,4:22,4:45,6:00,13:12,13:30,17:00,19:00,20:14,20:16,21:34,21:40,
19/04/2026,19,2 Dhū al-Qaʿdah 1447,4:19,4:45,5:58,13:11,13:30,17:01,19:00,20:15,20:17,21:35,21:40,
20/04/2026,20,3 Dhū al-Qaʿdah 1447,4:17,4:35,5:56,13:11,13:30,17:02,19:00,20:17,20:19,21:37,21:55,
21/04/2026,21,4 Dhū al-Qaʿdah 1447,4:15,4:35,5:54,13:11,13:30,17:03,19:00,20:19,20:21,21:39,21:55,
22/04/2026,22,5 Dhū al-Qaʿdah 1447,4:13,4:35,5:52,13:11,13:30,17:03,19:00,20:21,20:23,21:41,21:55,
23/04/2026,23,6 Dhū al-Qaʿdah 1447,4:11,4:35,5:49,13:11,13:30,17:04,19:00,20:22,20:24,21:42,21:55,
24/04/2026,24,7 Dhū al-Qaʿdah 1447,4:09,4:35,5:47,13:11,13:30,17:05,19:00,20:24,20:26,21:44,21:55,
25/04/2026,25,8 Dhū al-Qaʿdah 1447,4:06,4:35,5:45,13:10,13:30,17:05,19:00,20:26,20:28,21:46,21:55,
26/04/2026,26,9 Dhū al-Qaʿdah 1447,4:04,4:25,5:43,13:10,13:30,17:06,19:00,20:27,20:29,21:48,22:00,
27/04/2026,27,10 Dhū al-Qaʿdah 1447,4:02,4:25,5:41,13:10,13:30,17:07,19:00,20:29,20:31,21:49,22:00,
28/04/2026,28,11 Dhū al-Qaʿdah 1447,4:00,4:25,5:39,13:10,13:30,17:07,19:00,20:31,20:33,21:51,22:00,
29/04/2026,29,12 Dhū al-Qaʿdah 1447,3:58,4:25,5:37,13:10,13:30,17:08,19:00,20:32,20:34,21:52,22:00,
30/04/2026,30,13 Dhū al-Qaʿdah 1447,3:56,4:25,5:35,13:10,13:30,17:08,19:00,20:34,20:36,21:54,22:00,
01/05/2026,1,14 Dhū al-Qaʿdah 1447,3:54,4:20,5:33,13:10,13:30,17:09,19:00,20:36,20:38,21:56,22:05,
02/05/2026,2,15 Dhū al-Qaʿdah 1447,3:52,4:20,5:31,13:10,13:30,17:10,19:00,20:38,20:40,21:58,22:05,
03/05/2026,3,16 Dhū al-Qaʿdah 1447,3:49,4:20,5:29,13:10,13:30,17:11,19:00,20:40,20:42,22:00,22:05,
04/05/2026,4,17 Dhū al-Qaʿdah 1447,3:47,4:10,5:27,13:09,13:30,17:11,19:00,20:41,20:43,22:01,22:20,
05/05/2026,5,18 Dhū al-Qaʿdah 1447,3:45,4:10,5:26,13:09,13:30,17:12,19:00,20:43,20:45,22:03,22:20,
06/05/2026,6,19 Dhū al-Qaʿdah 1447,3:42,4:10,5:24,13:09,13:30,17:13,19:00,20:45,20:47,22:05,22:20,
07/05/2026,7,20 Dhū al-Qaʿdah 1447,3:40,4:10,5:22,13:09,13:30,17:13,19:00,20:46,20:48,22:06,22:20,
08/05/2026,8,21 Dhū al-Qaʿdah 1447,3:38,4:10,5:20,13:09,13:30,17:14,19:00,20:48,20:50,22:08,22:20,
09/05/2026,9,22 Dhū al-Qaʿdah 1447,3:36,4:10,5:18,13:09,13:30,17:15,19:00,20:50,20:52,22:10,22:20,
10/05/2026,10,23 Dhū al-Qaʿdah 1447,3:33,4:10,5:17,13:09,13:30,17:15,19:00,20:51,20:53,22:11,22:20,
11/05/2026,11,24 Dhū al-Qaʿdah 1447,3:31,3:55,5:15,13:09,13:30,17:16,19:00,20:53,20:55,22:13,22:30,
12/05/2026,12,25 Dhū al-Qaʿdah 1447,3:29,3:55,5:13,13:09,13:30,17:17,19:00,20:55,20:57,22:15,22:30,
13/05/2026,13,26 Dhū al-Qaʿdah 1447,3:26,3:55,5:12,13:09,13:30,17:17,19:00,20:56,20:58,22:16,22:30,
14/05/2026,14,27 Dhū al-Qaʿdah 1447,3:24,3:55,5:10,13:09,13:30,17:18,19:00,20:58,21:00,22:18,22:30,
15/05/2026,15,28 Dhū al-Qaʿdah 1447,3:22,3:55,5:08,13:09,13:30,17:18,19:00,20:59,21:01,22:19,22:30,
16/05/2026,16,29 Dhū al-Qaʿdah 1447,3:19,3:55,5:07,13:09,13:30,17:19,19:00,21:01,21:03,22:21,22:30,
17/05/2026,17,30 Dhū al-Qaʿdah 1447,3:17,3:55,5:05,13:09,13:30,17:20,19:00,21:03,21:05,22:23,22:30,
18/05/2026,18,1 Dhū al-Ḥijjah 1447,3:14,3:35,5:04,13:09,13:30,17:21,19:00,21:04,21:06,22:24,22:40,
19/05/2026,19,2 Dhū al-Ḥijjah 1447,3:12,3:35,5:03,13:09,13:30,17:21,19:00,21:06,21:08,22:26,22:40,
20/05/2026,20,3 Dhū al-Ḥijjah 1447,3:09,3:35,5:01,13:09,13:30,17:22,19:00,21:07,21:09,22:27,22:40,
21/05/2026,21,4 Dhū al-Ḥijjah 1447,3:06,3:35,5:00,13:09,13:30,17:23,19:00,21:09,21:11,22:29,22:40,
22/05/2026,22,5 Dhū al-Ḥijjah 1447,3:03,3:35,4:59,13:09,13:30,17:23,19:00,21:10,21:12,22:30,22:40,
23/05/2026,23,6 Dhū al-Ḥijjah 1447,3:00,3:35,4:57,13:09,13:30,17:24,19:00,21:11,21:13,22:31,22:40,
24/05/2026,24,7 Dhū al-Ḥijjah 1447,2:58,3:35,4:56,13:09,13:30,17:24,19:00,21:13,21:15,22:33,22:40,
25/05/2026,25,8 Dhū al-Ḥijjah 1447,2:56,3:20,4:55,13:10,13:30,17:24,19:00,21:14,21:16,22:34,22:50,
26/05/2026,26,9 Dhū al-Ḥijjah 1447,2:54,3:20,4:53,13:10,13:30,17:25,19:00,21:16,21:18,22:36,22:50,
27/05/2026,27,10 Dhū al-Ḥijjah 1447,2:52,3:20,4:52,13:10,13:30,17:26,19:00,21:17,21:19,22:37,22:50,
28/05/2026,28,11 Dhū al-Ḥijjah 1447,2:50,3:20,4:52,13:10,13:30,17:26,19:00,21:18,21:20,22:38,22:50,
29/05/2026,29,12 Dhū al-Ḥijjah 1447,2:48,3:20,4:51,13:11,13:30,17:27,19:00,21:19,21:21,22:39,22:50,
30/05/2026,30,13 Dhū al-Ḥijjah 1447,2:46,3:20,4:50,13:11,13:30,17:27,19:00,21:21,21:23,22:41,22:50,
31/05/2026,31,14 Dhū al-Ḥijjah 1447,2:44,3:20,4:49,13:11,13:30,17:27,19:00,21:22,21:24,22:42,22:50,
01/06/2026,1,15 Dhū al-Ḥijjah 1447,2:42,3:00,4:48,13:11,13:30,17:28,19:00,21:23,21:25,22:43,23:00,
02/06/2026,2,16 Dhū al-Ḥijjah 1447,2:41,3:00,4:47,13:11,13:30,17:28,19:00,21:24,21:26,22:44,23:00,
03/06/2026,3,17 Dhū al-Ḥijjah 1447,2:39,3:00,4:46,13:11,13:30,17:28,19:00,21:25,21:27,22:45,23:00,
04/06/2026,4,18 Dhū al-Ḥijjah 1447,2:37,3:00,4:46,13:11,13:30,17:29,19:00,21:26,21:28,22:46,23:00,
05/06/2026,5,19 Dhū al-Ḥijjah 1447,2:35,3:00,4:46,13:11,13:30,17:29,19:00,21:27,21:29,22:47,23:00,
06/06/2026,6,20 Dhū al-Ḥijjah 1447,2:34,3:00,4:45,13:11,13:30,17:29,19:00,21:28,21:30,22:48,23:00,
07/06/2026,7,21 Dhū al-Ḥijjah 1447,2:32,3:00,4:44,13:12,13:30,17:30,19:00,21:29,21:31,22:49,23:00,
08/06/2026,8,22 Dhū al-Ḥijjah 1447,2:31,3:00,4:44,13:12,13:30,17:31,19:00,21:30,21:32,22:50,23:00,
09/06/2026,9,23 Dhū al-Ḥijjah 1447,2:30,3:00,4:43,13:12,13:30,17:31,19:00,21:31,21:33,22:51,23:00,
10/06/2026,10,24 Dhū al-Ḥijjah 1447,2:30,3:00,4:43,13:12,13:30,17:32,19:00,21:32,21:34,22:52,23:00,
11/06/2026,11,25 Dhū al-Ḥijjah 1447,2:30,3:00,4:42,13:12,13:30,17:32,19:00,21:32,21:34,22:52,23:00,
12/06/2026,12,26 Dhū al-Ḥijjah 1447,2:30,3:00,4:42,13:12,13:30,17:32,19:00,21:33,21:35,22:53,23:00,
13/06/2026,13,27 Dhū al-Ḥijjah 1447,2:30,3:00,4:42,13:13,13:30,17:33,19:00,21:34,21:36,22:54,23:00,
14/06/2026,14,28 Dhū al-Ḥijjah 1447,2:30,3:00,4:41,13:13,13:30,17:33,19:00,21:34,21:36,22:54,23:00,
15/06/2026,15,29 Dhū al-Ḥijjah 1447,2:30,3:00,4:41,13:13,13:30,17:33,19:00,21:35,21:37,22:55,23:05,
16/06/2026,16,1 Muḥarram 1448,2:30,3:00,4:41,13:14,13:30,17:34,19:00,21:35,21:37,22:55,23:05,
17/06/2026,17,2 Muḥarram 1448,2:30,3:00,4:41,13:14,13:30,17:34,19:00,21:36,21:38,22:56,23:05,
18/06/2026,18,3 Muḥarram 1448,2:30,3:00,4:41,13:14,13:30,17:34,19:00,21:36,21:38,22:56,23:05,
19/06/2026,19,4 Muḥarram 1448,2:30,3:00,4:41,13:14,13:30,17:35,19:00,21:37,21:39,22:57,23:05,
20/06/2026,20,5 Muḥarram 1448,2:30,3:00,4:42,13:14,13:30,17:35,19:00,21:37,21:39,22:57,23:05,
21/06/2026,21,6 Muḥarram 1448,2:30,3:00,4:42,13:14,13:30,17:35,19:00,21:37,21:39,22:57,23:05,
22/06/2026,22,7 Muḥarram 1448,2:30,3:00,4:42,13:15,13:30,17:35,19:00,21:37,21:39,22:57,23:05,
23/06/2026,23,8 Muḥarram 1448,2:30,3:00,4:42,13:15,13:30,17:35,19:00,21:37,21:39,22:57,23:05,
24/06/2026,24,9 Muḥarram 1448,2:30,3:00,4:43,13:15,13:30,17:35,19:00,21:38,21:40,22:58,23:05,
25/06/2026,25,10 Muḥarram 1448,2:32,3:00,4:44,13:15,13:30,17:35,19:00,21:38,21:40,22:58,23:05,
26/06/2026,26,11 Muḥarram 1448,2:33,3:00,4:45,13:15,13:30,17:34,19:00,21:37,21:39,22:57,23:05,
27/06/2026,27,12 Muḥarram 1448,2:35,3:00,4:45,13:15,13:30,17:34,19:00,21:37,21:39,22:57,23:05,
28/06/2026,28,13 Muḥarram 1448,2:36,3:00,4:45,13:16,13:30,17:34,19:00,21:36,21:38,22:56,23:05,
29/06/2026,29,14 Muḥarram 1448,2:38,3:00,4:46,13:16,13:30,17:34,19:00,21:36,21:38,22:56,23:05,
30/06/2026,30,15 Muḥarram 1448,2:40,3:00,4:47,13:16,13:30,17:34,19:00,21:35,21:37,22:55,23:05,
01/07/2026,1,16 Muḥarram 1448,2:32,3:00,4:47,13:17,13:30,17:36,19:00,21:36,21:38,21:56,23:05,
02/07/2026,2,17 Muḥarram 1448,2:32,3:00,4:47,13:17,13:30,17:36,19:00,21:36,21:38,21:56,23:05,
03/07/2026,3,18 Muḥarram 1448,2:33,3:00,4:48,13:17,13:30,17:36,19:00,21:36,21:38,21:56,23:05,
04/07/2026,4,19 Muḥarram 1448,2:34,3:00,4:49,13:17,13:30,17:35,19:00,21:35,21:37,21:55,23:05,
05/07/2026,5,20 Muḥarram 1448,2:35,3:00,4:50,13:17,13:30,17:35,19:00,21:35,21:37,21:55,23:05,
06/07/2026,6,21 Muḥarram 1448,2:36,3:15,4:51,13:17,13:30,17:35,19:00,21:34,21:36,21:54,23:00,
07/07/2026,7,22 Muḥarram 1448,2:37,3:15,4:52,13:18,13:30,17:35,19:00,21:33,21:35,21:53,23:00,
08/07/2026,8,23 Muḥarram 1448,2:38,3:15,4:53,13:18,13:30,17:35,19:00,21:33,21:35,21:53,23:00,
09/07/2026,9,24 Muḥarram 1448,2:39,3:15,4:54,13:18,13:30,17:35,19:00,21:32,21:34,21:52,23:00,
10/07/2026,10,25 Muḥarram 1448,2:40,3:15,4:55,13:18,13:30,17:35,19:00,21:31,21:33,21:51,23:00,
11/07/2026,11,26 Muḥarram 1448,2:42,3:15,4:56,13:18,13:30,17:35,19:00,21:30,21:32,21:50,23:00,
12/07/2026,12,27 Muḥarram 1448,2:44,3:15,4:57,13:18,13:30,17:35,19:00,21:30,21:32,21:50,23:00,
13/07/2026,13,28 Muḥarram 1448,2:45,3:30,4:58,13:17,13:30,17:34,19:00,21:29,21:31,21:49,22:55,
14/07/2026,14,29 Muḥarram 1448,2:47,3:30,4:59,13:17,13:30,17:34,19:00,21:28,21:30,21:48,22:55,
15/07/2026,15,1 Ṣafar 1448,2:49,3:30,5:01,13:17,13:30,17:34,19:00,21:27,21:29,21:47,22:55,
16/07/2026,16,2 Ṣafar 1448,2:51,3:30,5:02,13:17,13:30,17:33,19:00,21:26,21:28,21:46,22:55,
17/07/2026,17,3 Ṣafar 1448,2:52,3:30,5:03,13:17,13:30,17:33,19:00,21:24,21:26,21:44,22:55,
18/07/2026,18,4 Ṣafar 1448,2:54,3:30,5:04,13:17,13:30,17:33,19:00,21:23,21:25,21:43,22:55,
19/07/2026,19,5 Ṣafar 1448,2:56,3:30,5:06,13:16,13:30,17:32,19:00,21:22,21:24,21:42,22:55,
20/07/2026,20,6 Ṣafar 1448,2:58,3:40,5:07,13:16,13:30,17:32,19:00,21:21,21:23,21:41,22:45,
21/07/2026,21,7 Ṣafar 1448,3:00,3:40,5:09,13:16,13:30,17:32,19:00,21:19,21:21,21:39,22:45,
22/07/2026,22,8 Ṣafar 1448,3:03,3:40,5:10,13:15,13:30,17:30,19:00,21:18,21:20,21:38,22:45,
23/07/2026,23,9 Ṣafar 1448,3:05,3:40,5:11,13:15,13:30,17:30,19:00,21:17,21:19,21:37,22:45,
24/07/2026,24,10 Ṣafar 1448,3:07,3:40,5:13,13:15,13:30,17:30,19:00,21:15,21:17,21:35,22:45,
25/07/2026,25,11 Ṣafar 1448,3:10,3:40,5:14,13:15,13:30,17:29,19:00,21:14,21:16,21:34,22:45,
26/07/2026,26,12 Ṣafar 1448,3:12,3:40,5:16,13:14,13:30,17:29,19:00,21:12,21:14,21:32,22:45,
27/07/2026,27,13 Ṣafar 1448,3:15,3:50,5:17,13:14,13:30,17:28,19:00,21:10,21:12,21:30,22:35,
28/07/2026,28,14 Ṣafar 1448,3:17,3:50,5:19,13:13,13:30,17:28,19:00,21:09,21:11,21:29,22:35,
29/07/2026,29,15 Ṣafar 1448,3:19,3:50,5:20,13:13,13:30,17:27,19:00,21:07,21:09,21:27,22:35,
30/07/2026,30,16 Ṣafar 1448,3:22,3:50,5:22,13:12,13:30,17:27,19:00,21:05,21:07,21:25,22:35,
31/07/2026,31,17 Ṣafar 1448,3:24,3:50,5:24,13:12,13:30,17:26,19:00,21:04,21:06,21:24,22:35,
01/08/2026,1,18 Ṣafar 1448,3:27,4:00,5:25,13:19,13:30,17:24,19:00,21:03,21:05,22:23,22:40,
02/08/2026,2,19 Ṣafar 1448,3:30,4:00,5:27,13:19,13:30,17:23,19:00,21:01,21:03,22:21,22:40,
03/08/2026,3,20 Ṣafar 1448,3:33,4:15,5:28,13:19,13:30,17:22,19:00,20:59,21:01,22:19,22:30,
04/08/2026,4,21 Ṣafar 1448,3:35,4:15,5:30,13:19,13:30,17:21,19:00,20:58,21:00,22:18,22:30,
05/08/2026,5,22 Ṣafar 1448,3:37,4:15,5:32,13:19,13:30,17:20,19:00,20:56,20:58,22:16,22:30,
06/08/2026,6,23 Ṣafar 1448,3:40,4:15,5:33,13:19,13:30,17:20,19:00,20:54,20:56,22:14,22:30,
07/08/2026,7,24 Ṣafar 1448,3:42,4:15,5:35,13:18,13:30,17:19,19:00,20:52,20:54,22:12,22:30,
08/08/2026,8,25 Ṣafar 1448,3:44,4:15,5:36,13:18,13:30,17:18,19:00,20:50,20:52,22:10,22:30,
09/08/2026,9,26 Ṣafar 1448,3:47,4:15,5:38,13:18,13:30,17:17,19:00,20:48,20:50,22:08,22:30,
10/08/2026,10,27 Ṣafar 1448,3:49,4:30,5:40,13:18,13:30,17:16,19:00,20:46,20:48,22:06,22:15,
11/08/2026,11,28 Ṣafar 1448,3:51,4:30,5:41,13:18,13:30,17:15,19:00,20:44,20:46,22:04,22:15,
12/08/2026,12,29 Ṣafar 1448,3:54,4:30,5:43,13:18,13:30,17:14,19:00,20:42,20:44,22:02,22:15,
13/08/2026,13,30 Ṣafar 1448,3:56,4:30,5:45,13:17,13:30,17:13,19:00,20:40,20:42,22:00,22:15,
14/08/2026,14,1 Rabīʿ al-Awwal 1448,3:59,4:30,5:46,13:17,13:30,17:12,19:00,20:38,20:40,21:58,22:15,
15/08/2026,15,2 Rabīʿ al-Awwal 1448,4:01,4:30,5:48,13:17,13:30,17:10,19:00,20:36,20:38,21:56,22:15,
16/08/2026,16,3 Rabīʿ al-Awwal 1448,4:03,4:30,5:50,13:17,13:30,17:09,19:00,20:34,20:36,21:54,22:15,
17/08/2026,17,4 Rabīʿ al-Awwal 1448,4:06,4:45,5:51,13:17,13:30,17:08,19:00,20:32,20:34,21:52,22:00,
18/08/2026,18,5 Rabīʿ al-Awwal 1448,4:08,4:45,5:53,13:17,13:30,17:07,19:00,20:30,20:32,21:50,22:00,
19/08/2026,19,6 Rabīʿ al-Awwal 1448,4:10,4:45,5:55,13:16,13:30,17:06,19:00,20:28,20:30,21:48,22:00,
20/08/2026,20,7 Rabīʿ al-Awwal 1448,4:13,4:45,5:56,13:16,13:30,17:05,19:00,20:26,20:28,21:46,22:00,
21/08/2026,21,8 Rabīʿ al-Awwal 1448,4:15,4:45,5:58,13:16,13:30,17:04,19:00,20:24,20:26,21:44,22:00,
22/08/2026,22,9 Rabīʿ al-Awwal 1448,4:18,4:45,6:00,13:15,13:30,17:03,19:00,20:21,20:23,21:41,22:00,
23/08/2026,23,10 Rabīʿ al-Awwal 1448,4:20,4:45,6:01,13:15,13:30,17:02,19:00,20:19,20:21,21:39,22:00,
24/08/2026,24,11 Rabīʿ al-Awwal 1448,4:22,5:00,6:03,13:15,13:30,17:01,19:00,20:17,20:19,21:37,21:45,
25/08/2026,25,12 Rabīʿ al-Awwal 1448,4:25,5:00,6:05,13:14,13:30,17:00,19:00,20:15,20:17,21:35,21:45,
26/08/2026,26,13 Rabīʿ al-Awwal 1448,4:27,5:00,6:06,13:14,13:30,16:58,19:00,20:13,20:15,21:33,21:45,
27/08/2026,27,14 Rabīʿ al-Awwal 1448,4:30,5:00,6:08,13:14,13:30,16:56,19:00,20:10,20:12,21:30,21:45,
28/08/2026,28,15 Rabīʿ al-Awwal 1448,4:32,5:00,6:10,13:13,13:30,16:54,19:00,20:08,20:10,21:28,21:45,
29/08/2026,29,16 Rabīʿ al-Awwal 1448,4:34,5:00,6:11,13:13,13:30,16:53,19:00,20:06,20:08,21:26,21:45,
30/08/2026,30,17 Rabīʿ al-Awwal 1448,4:36,5:00,6:13,13:13,13:30,16:52,19:00,20:04,20:06,21:24,21:45,
31/08/2026,31,18 Rabīʿ al-Awwal 1448,4:38,5:10,6:15,13:12,13:30,16:51,18:30,20:01,20:03,21:21,21:30,
01/09/2026,1,19 Rabīʿ al-Awwal 1448,4:39,5:10,6:16,13:12,13:30,16:49,18:30,19:59,20:01,21:19,21:30,
02/09/2026,2,20 Rabīʿ al-Awwal 1448,4:41,5:10,6:18,13:12,13:30,16:47,18:30,19:57,19:59,21:17,21:30,
03/09/2026,3,21 Rabīʿ al-Awwal 1448,4:44,5:10,6:20,13:12,13:30,16:45,18:30,19:54,19:56,21:14,21:30,
04/09/2026,4,22 Rabīʿ al-Awwal 1448,4:46,5:10,6:21,13:11,13:30,16:44,18:30,19:52,19:54,21:12,21:30,
05/09/2026,5,23 Rabīʿ al-Awwal 1448,4:48,5:10,6:23,13:11,13:30,16:43,18:30,19:50,19:52,21:10,21:30,
06/09/2026,6,24 Rabīʿ al-Awwal 1448,4:50,5:10,6:25,13:11,13:30,16:42,18:30,19:47,19:49,21:07,21:30,
07/09/2026,7,25 Rabīʿ al-Awwal 1448,4:52,5:30,6:26,13:10,13:30,16:40,18:15,19:45,19:47,21:05,21:15,
08/09/2026,8,26 Rabīʿ al-Awwal 1448,4:54,5:30,6:28,13:10,13:30,16:38,18:15,19:43,19:45,21:03,21:15,
09/09/2026,9,27 Rabīʿ al-Awwal 1448,4:56,5:30,6:29,13:10,13:30,16:36,18:15,19:40,19:42,21:00,21:15,
10/09/2026,10,28 Rabīʿ al-Awwal 1448,4:58,5:30,6:31,13:09,13:30,16:35,18:15,19:38,19:40,20:58,21:15,
11/09/2026,11,29 Rabīʿ al-Awwal 1448,5:00,5:30,6:33,13:09,13:30,16:33,18:15,19:36,19:38,20:56,21:15,
12/09/2026,12,1 Rabīʿ al-Thānī 1448,5:02,5:30,6:34,13:09,13:30,16:32,18:15,19:33,19:35,20:53,21:15,
13/09/2026,13,2 Rabīʿ al-Thānī 1448,5:04,5:30,6:36,13:08,13:30,16:30,18:15,19:31,19:33,20:51,21:15,
14/09/2026,14,3 Rabīʿ al-Thānī 1448,5:06,5:40,6:38,13:08,13:30,16:28,18:00,19:29,19:31,20:49,21:05,
15/09/2026,15,4 Rabīʿ al-Thānī 1448,5:08,5:40,6:39,13:08,13:30,16:27,18:00,19:26,19:28,20:46,21:05,
16/09/2026,16,5 Rabīʿ al-Thānī 1448,5:10,5:40,6:41,13:08,13:30,16:25,18:00,19:24,19:26,20:44,21:05,
17/09/2026,17,6 Rabīʿ al-Thānī 1448,5:13,5:40,6:43,13:07,13:30,16:23,18:00,19:21,19:23,20:41,21:05,
18/09/2026,18,7 Rabīʿ al-Thānī 1448,5:15,5:40,6:44,13:07,13:30,16:22,18:00,19:19,19:21,20:39,21:05,
19/09/2026,19,8 Rabīʿ al-Thānī 1448,5:17,5:40,6:46,13:07,13:30,16:20,18:00,19:17,19:19,20:37,21:05,
20/09/2026,20,9 Rabīʿ al-Thānī 1448,5:19,5:40,6:48,13:06,13:30,16:18,18:00,19:14,19:16,20:34,21:05,
21/09/2026,21,10 Rabīʿ al-Thānī 1448,5:21,5:50,6:49,13:06,13:30,16:17,17:45,19:12,19:14,20:32,20:45,
22/09/2026,22,11 Rabīʿ al-Thānī 1448,5:23,5:50,6:51,13:06,13:30,16:15,17:45,19:10,19:12,20:30,20:45,
23/09/2026,23,12 Rabīʿ al-Thānī 1448,5:25,5:50,6:53,13:05,13:30,16:13,17:45,19:07,19:09,20:27,20:45,
24/09/2026,24,13 Rabīʿ al-Thānī 1448,5:27,5:50,6:54,13:05,13:30,16:12,17:45,19:05,19:07,20:25,20:45,
25/09/2026,25,14 Rabīʿ al-Thānī 1448,5:28,5:50,6:56,13:05,13:30,16:10,17:45,19:02,19:04,20:22,20:45,
26/09/2026,26,15 Rabīʿ al-Thānī 1448,5:30,5:50,6:58,13:04,13:30,16:08,17:45,19:00,19:02,20:20,20:45,
27/09/2026,27,16 Rabīʿ al-Thānī 1448,5:32,5:50,6:59,13:04,13:30,16:07,17:45,18:58,19:00,20:18,20:45,
28/09/2026,28,17 Rabīʿ al-Thānī 1448,5:34,6:00,7:01,13:03,13:30,16:05,17:30,18:55,18:57,20:15,20:30,
29/09/2026,29,18 Rabīʿ al-Thānī 1448,5:36,6:00,7:03,13:03,13:30,16:04,17:30,18:53,18:55,20:13,20:30,
30/09/2026,30,19 Rabīʿ al-Thānī 1448,5:38,6:00,7:05,13:03,13:30,16:02,17:30,18:51,18:53,20:11,20:30,
01/10/2026,1,20 Rabīʿ al-Thānī 1448,5:40,6:00,7:06,13:02,13:30,15:59,17:30,18:48,18:50,20:08,20:30,
02/10/2026,2,21 Rabīʿ al-Thānī 1448,5:42,6:00,7:08,13:02,13:30,15:57,17:30,18:46,18:48,20:06,20:30,
03/10/2026,3,22 Rabīʿ al-Thānī 1448,5:44,6:00,7:10,13:02,13:30,15:56,17:30,18:44,18:46,20:04,20:30,
04/10/2026,4,23 Rabīʿ al-Thānī 1448,5:46,6:00,7:11,13:01,13:30,15:54,17:30,18:41,18:43,20:01,20:30,
05/10/2026,5,24 Rabīʿ al-Thānī 1448,5:48,6:10,7:13,13:01,13:30,15:52,17:00,18:39,18:41,19:59,20:15,
06/10/2026,6,25 Rabīʿ al-Thānī 1448,5:49,6:10,7:15,13:01,13:30,15:51,17:00,18:37,18:39,19:57,20:15,
07/10/2026,7,26 Rabīʿ al-Thānī 1448,5:51,6:10,7:16,13:00,13:30,15:49,17:00,18:34,18:36,19:54,20:15,
08/10/2026,8,27 Rabīʿ al-Thānī 1448,5:53,6:10,7:18,13:00,13:30,15:47,17:00,18:32,18:34,19:54,20:15,
09/10/2026,9,28 Rabīʿ al-Thānī 1448,5:55,6:10,7:20,13:00,13:30,15:46,17:00,18:30,18:32,19:50,20:15,
10/10/2026,10,29 Rabīʿ al-Thānī 1448,5:57,6:10,7:22,12:59,13:30,15:45,17:00,18:27,18:29,19:47,20:15,
11/10/2026,11,30 Rabīʿ al-Thānī 1448,5:59,6:10,7:23,12:59,13:30,15:43,17:00,18:25,18:27,19:45,20:15,
12/10/2026,12,1 Jumādā al-Ūlā 1448,6:00,6:20,7:25,12:59,13:30,15:42,16:40,18:23,18:25,19:43,20:00,
13/10/2026,13,2 Jumādā al-Ūlā 1448,6:02,6:20,7:27,12:59,13:30,15:41,16:40,18:21,18:23,19:41,20:00,
14/10/2026,14,3 Jumādā al-Ūlā 1448,6:04,6:20,7:29,12:59,13:30,15:40,16:40,18:19,18:21,19:39,20:00,
15/10/2026,15,4 Jumādā al-Ūlā 1448,6:06,6:20,7:30,12:59,13:30,15:38,16:40,18:16,18:18,19:36,20:00,
16/10/2026,16,5 Jumādā al-Ūlā 1448,6:08,6:20,7:32,12:58,13:30,15:36,16:40,18:14,18:16,19:34,20:00,
17/10/2026,17,6 Jumādā al-Ūlā 1448,6:09,6:20,7:34,12:58,13:30,15:34,16:40,18:12,18:14,19:32,20:00,
18/10/2026,18,7 Jumādā al-Ūlā 1448,6:11,6:20,7:36,12:58,13:30,15:33,16:40,18:10,18:12,19:30,20:00,
19/10/2026,19,8 Jumādā al-Ūlā 1448,6:13,6:30,7:37,12:57,13:30,15:32,16:00,18:08,18:10,19:28,20:00,
20/10/2026,20,9 Jumādā al-Ūlā 1448,6:15,6:30,7:39,12:57,13:30,15:30,16:00,18:05,18:07,19:25,20:00,
21/10/2026,21,10 Jumādā al-Ūlā 1448,6:17,6:30,7:41,12:57,13:30,15:28,16:00,18:03,18:05,19:23,20:00,
22/10/2026,22,11 Jumādā al-Ūlā 1448,6:18,6:30,7:43,12:57,13:30,15:26,16:00,18:01,18:03,19:21,20:00,
23/10/2026,23,12 Jumādā al-Ūlā 1448,6:20,6:30,7:45,12:57,13:30,15:24,16:00,17:59,18:01,19:19,20:00,
24/10/2026,24,13 Jumādā al-Ūlā 1448,6:22,6:30,7:46,12:57,13:30,15:23,16:00,17:57,17:59,19:17,20:00,
25/10/2026,25,14 Jumādā al-Ūlā 1448,5:24,5:30,6:48,11:57,13:00,14:22,15:00,16:55,16:57,18:15,20:00,
26/10/2026,26,15 Jumādā al-Ūlā 1448,5:26,5:45,6:50,11:57,13:00,14:20,14:45,16:53,16:55,18:13,20:00,
27/10/2026,27,16 Jumādā al-Ūlā 1448,5:28,5:45,6:52,11:57,13:00,14:19,14:45,16:51,16:53,18:11,20:00,
28/10/2026,28,17 Jumādā al-Ūlā 1448,5:29,5:45,6:54,11:57,13:00,14:17,14:45,16:49,16:51,18:09,20:00,
29/10/2026,29,18 Jumādā al-Ūlā 1448,5:31,5:45,6:55,11:56,13:00,14:14,14:45,16:47,16:49,18:07,20:00,
30/10/2026,30,19 Jumādā al-Ūlā 1448,5:33,5:45,6:57,11:56,13:00,14:12,14:45,16:45,16:47,18:05,20:00,
31/10/2026,31,20 Jumādā al-Ūlā 1448,5:35,5:45,6:59,11:56,13:00,14:10,14:45,16:43,16:45,18:03,20:00,
01/11/2026,1,21 Jumādā al-Ūlā 1448,5:37,5:45,7:01,11:56,13:00,14:08,14:45,16:41,16:43,18:01,20:00,
02/11/2026,2,22 Jumādā al-Ūlā 1448,5:38,5:55,7:03,11:56,13:00,14:06,14:30,16:40,16:42,18:00,20:00,
03/11/2026,3,23 Jumādā al-Ūlā 1448,5:40,5:55,7:05,11:56,13:00,14:05,14:30,16:38,16:40,17:58,20:00,
04/11/2026,4,24 Jumādā al-Ūlā 1448,5:42,5:55,7:06,11:56,13:00,14:04,14:30,16:36,16:38,17:56,20:00,
05/11/2026,5,25 Jumādā al-Ūlā 1448,5:44,5:55,7:08,11:56,13:00,14:03,14:30,16:34,16:36,17:54,20:00,
06/11/2026,6,26 Jumādā al-Ūlā 1448,5:46,5:55,7:10,11:56,13:00,14:02,14:30,16:32,16:34,17:52,20:00,
07/11/2026,7,27 Jumādā al-Ūlā 1448,5:47,5:55,7:12,11:56,13:00,14:01,14:30,16:31,16:33,17:51,20:00,
08/11/2026,8,28 Jumādā al-Ūlā 1448,5:49,5:55,7:14,11:56,13:00,13:59,14:30,16:29,16:31,17:49,20:00,
09/11/2026,9,29 Jumādā al-Ūlā 1448,5:51,6:10,7:15,11:56,13:00,13:57,14:15,16:27,16:29,17:47,20:00,
10/11/2026,10,30 Jumādā al-Ūlā 1448,5:53,6:10,7:17,11:57,13:00,13:56,14:15,16:26,16:28,17:46,20:00,
11/11/2026,11,1 Jumādā al-Thāniyah 1448,5:55,6:10,7:19,11:57,13:00,13:55,14:15,16:24,16:26,17:44,20:00,
12/11/2026,12,2 Jumādā al-Thāniyah 1448,5:57,6:10,7:21,11:57,13:00,13:54,14:15,16:23,16:25,17:43,20:00,
13/11/2026,13,3 Jumādā al-Thāniyah 1448,5:58,6:10,7:23,11:57,13:00,13:53,14:15,16:21,16:23,17:41,20:00,
14/11/2026,14,4 Jumādā al-Thāniyah 1448,6:00,6:10,7:24,11:57,13:00,13:52,14:15,16:20,16:22,17:40,20:00,
15/11/2026,15,5 Jumādā al-Thāniyah 1448,6:01,6:10,7:26,11:57,13:00,13:51,14:15,16:18,16:20,17:38,20:00,
16/11/2026,16,6 Jumādā al-Thāniyah 1448,6:03,6:20,7:28,11:58,13:00,13:49,14:00,16:17,16:19,17:37,20:00,
17/11/2026,17,7 Jumādā al-Thāniyah 1448,6:04,6:20,7:30,11:58,13:00,13:48,14:00,16:15,16:17,17:35,20:00,
18/11/2026,18,8 Jumādā al-Thāniyah 1448,6:06,6:20,7:31,11:58,13:00,13:48,14:00,16:14,16:16,17:34,20:00,
19/11/2026,19,9 Jumādā al-Thāniyah 1448,6:07,6:20,7:33,11:58,13:00,13:47,14:00,16:13,16:15,17:33,20:00,
20/11/2026,20,10 Jumādā al-Thāniyah 1448,6:09,6:20,7:35,11:58,13:00,13:46,14:00,16:12,16:14,17:32,20:00,
21/11/2026,21,11 Jumādā al-Thāniyah 1448,6:10,6:20,7:37,11:58,13:00,13:45,14:00,16:10,16:12,17:30,20:00,
22/11/2026,22,12 Jumādā al-Thāniyah 1448,6:12,6:20,7:38,11:59,13:00,13:44,14:00,16:09,16:11,17:29,20:00,
23/11/2026,23,13 Jumādā al-Thāniyah 1448,6:13,6:30,7:40,11:59,13:00,13:43,14:00,16:08,16:10,17:28,20:00,
24/11/2026,24,14 Jumādā al-Thāniyah 1448,6:15,6:30,7:41,11:59,13:00,13:42,14:00,16:07,16:09,17:27,20:00,
25/11/2026,25,15 Jumādā al-Thāniyah 1448,6:16,6:30,7:43,12:00,13:00,13:41,14:00,16:06,16:08,17:26,20:00,
26/11/2026,26,16 Jumādā al-Thāniyah 1448,6:18,6:30,7:45,12:00,13:00,13:40,14:00,16:05,16:07,17:25,20:00,
27/11/2026,27,17 Jumādā al-Thāniyah 1448,6:19,6:30,7:46,12:00,13:00,13:39,14:00,16:04,16:06,17:24,20:00,
28/11/2026,28,18 Jumādā al-Thāniyah 1448,6:21,6:30,7:48,12:01,13:00,13:39,14:00,16:03,16:05,17:23,20:00,
29/11/2026,29,19 Jumādā al-Thāniyah 1448,6:22,6:30,7:49,12:01,13:00,13:39,14:00,16:03,16:05,17:23,20:00,
30/11/2026,30,20 Jumādā al-Thāniyah 1448,6:24,6:40,7:51,12:01,13:00,13:39,14:00,16:02,16:04,17:22,20:00,
01/12/2026,1,21 Jumādā al-Thāniyah 1448,6:27,6:40,7:52,12:02,13:00,13:39,14:00,16:01,16:03,17:21,20:00,
02/12/2026,2,22 Jumādā al-Thāniyah 1448,6:29,6:40,7:54,12:03,13:00,13:39,14:00,16:00,16:02,17:20,20:00,
03/12/2026,3,23 Jumādā al-Thāniyah 1448,6:30,6:40,7:55,12:04,13:00,13:39,14:00,16:00,16:02,17:20,20:00,
04/12/2026,4,24 Jumādā al-Thāniyah 1448,6:32,6:40,7:56,12:04,13:00,13:38,14:00,15:59,16:01,17:19,20:00,
05/12/2026,5,25 Jumādā al-Thāniyah 1448,6:33,6:40,7:58,12:04,13:00,13:38,14:00,15:58,16:00,17:18,20:00,
06/12/2026,6,26 Jumādā al-Thāniyah 1448,6:35,6:40,7:59,12:04,13:00,13:38,14:00,15:58,16:00,17:18,20:00,
07/12/2026,7,27 Jumādā al-Thāniyah 1448,6:36,6:45,8:00,12:05,13:00,13:38,14:00,15:58,16:00,17:18,20:00,
08/12/2026,8,28 Jumādā al-Thāniyah 1448,6:38,6:45,8:01,12:05,13:00,13:38,14:00,15:58,16:00,17:18,20:00,
09/12/2026,9,29 Jumādā al-Thāniyah 1448,6:39,6:45,8:02,12:05,13:00,13:38,14:00,15:57,15:59,17:17,20:00,
10/12/2026,10,1 Rajab 1448,6:40,6:45,8:03,12:06,13:00,13:38,14:00,15:57,15:59,17:17,20:00,
11/12/2026,11,2 Rajab 1448,6:40,6:45,8:05,12:07,13:00,13:38,14:00,15:57,15:59,17:17,20:00,
12/12/2026,12,3 Rajab 1448,6:41,6:45,8:06,12:07,13:00,13:38,14:00,15:57,15:59,17:17,20:00,
13/12/2026,13,4 Rajab 1448,6:42,6:45,8:06,12:08,13:00,13:38,14:00,15:57,15:59,17:17,20:00,
14/12/2026,14,5 Rajab 1448,6:43,6:50,8:07,12:08,13:00,13:38,14:00,15:57,15:59,17:17,20:00,
15/12/2026,15,6 Rajab 1448,6:44,6:50,8:08,12:08,13:00,13:38,14:00,15:57,15:59,17:17,20:00,
16/12/2026,16,7 Rajab 1448,6:45,6:50,8:09,12:09,13:00,13:39,14:00,15:57,15:59,17:17,20:00,
17/12/2026,17,8 Rajab 1448,6:45,6:50,8:10,12:10,13:00,13:19,14:00,15:58,16:00,17:18,20:00,
18/12/2026,18,9 Rajab 1448,6:46,6:50,8:11,12:10,13:00,13:39,14:00,15:58,16:00,17:18,20:00,
19/12/2026,19,10 Rajab 1448,6:46,6:50,8:11,12:11,13:00,13:40,14:00,15:58,16:00,17:18,20:00,
20/12/2026,20,11 Rajab 1448,6:46,6:50,8:12,12:11,13:00,13:40,14:00,15:59,16:01,17:19,20:00,
21/12/2026,21,12 Rajab 1448,6:47,6:50,8:12,12:11,13:00,13:40,14:00,15:59,16:01,17:19,20:00,
22/12/2026,22,13 Rajab 1448,6:47,6:50,8:13,12:12,13:00,13:41,14:00,15:59,16:01,17:19,20:00,
23/12/2026,23,14 Rajab 1448,6:47,6:50,8:13,12:13,13:00,13:41,14:00,16:00,16:02,17:20,20:00,
24/12/2026,24,15 Rajab 1448,6:47,6:50,8:14,12:13,13:00,13:42,14:00,16:01,16:03,17:21,20:00,
25/12/2026,25,16 Rajab 1448,6:47,6:50,8:14,12:14,13:00,13:43,14:00,16:01,16:03,17:21,20:00,
26/12/2026,26,17 Rajab 1448,6:47,6:50,8:14,12:14,13:00,13:44,14:00,16:02,16:04,17:22,20:00,
27/12/2026,27,18 Rajab 1448,6:47,6:50,8:14,12:14,13:00,13:45,14:00,16:03,16:05,17:23,20:00,
28/12/2026,28,19 Rajab 1448,6:47,6:50,8:15,12:15,13:00,13:46,14:00,16:04,16:06,17:24,20:00,
29/12/2026,29,20 Rajab 1448,6:47,6:50,8:15,12:15,13:00,13:47,14:00,16:05,16:07,17:25,20:00,
30/12/2026,30,21 Rajab 1448,6:47,6:50,8:15,12:15,13:00,13:48,14:00,16:06,16:08,17:26,20:00,
31/12/2026,31,22 Rajab 1448,6:47,6:50,8:15,12:16,13:00,13:49,14:00,16:07,16:09,17:27,20:00,